Handle,Title,Body (HTML),Vendor,Type,Tags,Published,Option1 Name,Option1 Value,Variant SKU,Variant Grams,Variant Inventory Tracker,Variant Inventory Qty,Variant Inventory Policy,Variant Fulfillment Service,Variant Price,Variant Compare At Price,Variant Requires Shipping,Variant Taxable,Variant Barcode,Image Src,Image Position,Image Alt Text,Gift Card,Status
fb105a-altar-bell-with-pentagram-design-2-1-2,"Altar Bell with Pentagram Design 2 1/2""","Hear the light, ringing song of this small silver-plated bell and incorporate it in your magic. 2 1/2"" x 1 3/4""",AzureGreen,Metaphysical Supplies,"Bells,Pentagrams & Pentacles,Mystic Curiosities,The Way to Resonance",TRUE,Title,Default Title,FB105A,90,shopify,70,deny,azuregreen,27.09,,TRUE,TRUE,,https://www.azuregreen.net/images/FB105A.jpg,1,"Altar Bell with Pentagram Design 2 1/2""",FALSE,active
fb105c-altar-bell-with-triple-moon-design-2-1-2,"Altar Bell with Triple Moon Design 2 1/2""","Small and portable, the triple moon altar bell design can serve to invoke the goddess with grace, with its light ringing calling her attention to your ritual. 2 1/2"" x 1 3/4""",AzureGreen,Metaphysical Supplies,"Bells,Moon Products,Gods & Goddesses,Mystic Curiosities,The Way to Resonance",TRUE,Title,Default Title,FB105C,90,shopify,11,deny,azuregreen,27.09,,TRUE,TRUE,,https://www.azuregreen.net/images/FB105C.jpg,1,"Altar Bell with Triple Moon Design 2 1/2""",FALSE,active
fb105d-unadorned-altar-bell-2-1-2,"Unadorned altar bell 2 1/2""","Unadorned and all the more beautiful for it, these silver-plated bells come are a fantastic addition to any altar space, with a high ringing tone and simple design.  2 1/2"" x 1 3/4""",AzureGreen,Metaphysical Supplies,"Bells,Mystic Curiosities,The Way to Resonance",TRUE,Title,Default Title,FB105D,90,shopify,16,deny,azuregreen,27.09,,TRUE,TRUE,,https://www.azuregreen.net/images/FB105D.jpg,1,"Unadorned altar bell 2 1/2""",FALSE,active
fb105ge-altar-bell-with-goddess-of-earth-design-2-1-2,"Altar Bell with Goddess Of Earth Design 2 1/2""","Silver toned alter bell with the Goddess of Earth etched on the front and back. Small bell with a powerful sound. 2 1/2""",AzureGreen,Metaphysical Supplies,"Bells,Gods & Goddesses,Mystic Curiosities,The Way to Resonance",TRUE,Title,Default Title,FB105GE,90,shopify,95,deny,azuregreen,22.55,,TRUE,TRUE,,https://www.azuregreen.net/images/FB105GE.jpg,1,"Altar Bell with Goddess Of Earth Design 2 1/2""",FALSE,active
fb106c-5-moon-altar-bell,"5"" Moon altar bell","Representing the goddess with the triple moon symbol, this altar bell is a powerful and lovely tool for your altar space and ceremonies. 5"" x 2 1/4""",AzureGreen,Metaphysical Supplies,"Bells,Moon Products,Gods & Goddesses,Mystic Curiosities,The Way to Resonance",TRUE,Title,Default Title,FB106C,272,shopify,83,deny,azuregreen,49.75,,TRUE,TRUE,,https://www.azuregreen.net/images/FB106C.JPG,1,"5"" Moon altar bell",FALSE,active
fbwic-wiccan-altar-bell-5,"Wiccan Altar Bell 5""","Made of brass, these Wiccan Altar bells are a lovely addition to your altar and ritual crafts, used to clear negative energies or to invoke the Goddess. 5"" x 2 1/2""",AzureGreen,Metaphysical Supplies,"Bells,Mystic Curiosities,The Way to Resonance",TRUE,Title,Default Title,FBWIC,181,shopify,14,deny,azuregreen,29.35,,TRUE,TRUE,,https://www.azuregreen.net/images/FBWIC.JPG,1,"Wiccan Altar Bell 5""",FALSE,active
ra487-pentagram-altar-tile-4,"Pentagram altar tile 4""","This wonderfully carved and stained wooden altar tile will fit in even the smallest of altar spaces and act as a focus for your workings. 4""",AzureGreen,Metaphysical Supplies,"Tables & Tiles,Best Sellers,Mystic Curiosities,The Way to Resonance",TRUE,Title,Default Title,RA487,45,shopify,14,deny,azuregreen,8.95,,TRUE,TRUE,,https://www.azuregreen.net/images/RA487.jpg,1,"Pentagram altar tile 4""",FALSE,active
raac1-green-man-altar-cloth-or-scarf-36-x-36,"Green Man altar cloth or scarf 36"" x 36""","Worn as a scarf or used to decorate your altar, this cloth depicts the Greenman; the guardian of nature, father of renewal, and a figure of fertility and rebirth. 36"" x 36"" Handmade in Bali, Indonesia, each batik is a tapestry of tradition, where wax and dye dance together under the island skies.",AzureGreen,Metaphysical Supplies,"Cloths,Mystic Curiosities,The Way to Resonance",TRUE,Title,Default Title,RAAC1,181,shopify,12,deny,azuregreen,104.15,,TRUE,TRUE,,https://www.azuregreen.net/images/RAAC1.JPG,1,"Green Man altar cloth or scarf 36"" x 36""",FALSE,active
raac3-celtic-moon-altar-cloth-or-scarf-36-x-36,"Celtic Moon altar cloth or scarf 36"" x 36""","Perfect as a scarf or an altar cloth, this cloth depicts a pentacle and a crescent moon tucked into detailed Celtic knotwork. The quality of the artwork and the design of this cloth, makes for a wonderful cover for your altar or sacred space. 36"" x 36"" Handmade in Bali, Indonesia, each batik is a tapestry of tradition, where wax and dye dance together under the island skies.",AzureGreen,Metaphysical Supplies,"Cloths,Moon Products,Mystic Curiosities,The Way to Resonance",TRUE,Title,Default Title,RAAC3,181,shopify,7,deny,azuregreen,108.69,,TRUE,TRUE,,https://www.azuregreen.net/images/RAAC3.JPG,1,"Celtic Moon altar cloth or scarf 36"" x 36""",FALSE,active
raac4-rune-mother-altar-cloth-or-scarf-36-x-36,"Rune Mother altar cloth or scarf 36"" x 36""","The Mother Rune sits in the center, circled by the ancient runic alphabet. This colorful design is complete with 4 Triquetra symbols, one in each corner of this 3' x 3"" square cloth. Handmade in Bali, Indonesia, each batik is a tapestry of tradition, where wax and dye dance together under the island skies.",AzureGreen,Metaphysical Supplies,"Runes & Rune Products,Cloths,Viking & Celtic Products,Gods & Goddesses,Mystic Curiosities,The Way to Resonance",TRUE,Title,Default Title,RAAC4,181,shopify,11,deny,azuregreen,108.69,,TRUE,TRUE,,https://www.azuregreen.net/images/RAAC4.JPG,1,"Rune Mother altar cloth or scarf 36"" x 36""",FALSE,active
raac5-moon-cat-altar-cloth-or-scarf-36-x-36,"Moon Cat altar cloth or scarf 36"" x 36""","Cats of various colors perch on crescent moons, with sparkling stars in between. Invoke your cat-like nature! 3' x 3' Handmade in Bali, Indonesia, each batik is a tapestry of tradition, where wax and dye dance together under the island skies.",AzureGreen,Metaphysical Supplies,"Cloths,Moon Products,Mystic Curiosities,The Way to Resonance",TRUE,Title,Default Title,RAAC5,181,shopify,6,deny,azuregreen,108.69,,TRUE,TRUE,,https://www.azuregreen.net/images/RAAC5.jpg,1,"Moon Cat altar cloth or scarf 36"" x 36""",FALSE,active
raac7-rune-awakening-altar-cloth-or-scarf-36-x-36,"Rune Awakening altar cloth or scarf 36"" x 36""","This Altar Cloth is composed of runes, which are themselves component pieces of the Flower of Life, whose pattern is a universal tool serving to promote gentle and sincere awakening within cosmic harmony. Handmade in Bali, Indonesia, each batik is a tapestry of tradition, where wax and dye dance together under the island skies.",AzureGreen,Metaphysical Supplies,"Runes & Rune Products,Cloths,Viking & Celtic Products,Mystic Curiosities,The Way to Resonance",TRUE,Title,Default Title,RAAC7,181,shopify,57,deny,azuregreen,86.02,,TRUE,TRUE,,https://www.azuregreen.net/images/RAAC7.jpg,1,"Rune Awakening altar cloth or scarf 36"" x 36""",FALSE,active
rac013-36-x-36-pentagram-altar-cloth,"36"" x 36"" Pentagram altar cloth","This tapestry has a centered pentagram, and Celtic designing, can be used for your spiritual space as a display, cover, or accent. Its base color is black with purple and turquoise tones entwined within its pattern. 100% cotton. 36""x36"".",AzureGreen,Metaphysical Supplies,"Cloths,Pentagrams & Pentacles,Mystic Curiosities,The Way to Resonance",FALSE,Title,Default Title,RAC013,181,shopify,0,deny,azuregreen,27.09,,TRUE,TRUE,,https://www.azuregreen.net/images/RAC013.jpg,1,"36"" x 36"" Pentagram altar cloth",FALSE,active
rac015-36-x-36-tree-of-life-altar-cloth,"36"" x 36"" Tree of Life altar cloth","This vibrant tie-dyed altar cloth can be used for your spiritual space or even as a display, cover, or accent. 100% cotton. 36""x36""",AzureGreen,Metaphysical Supplies,"Cloths,Mystic Curiosities,The Way to Resonance",FALSE,Title,Default Title,RAC015,181,shopify,0,deny,azuregreen,27.09,,TRUE,TRUE,,https://www.azuregreen.net/images/RAC015.jpg,1,"36"" x 36"" Tree of Life altar cloth",FALSE,active
rac90-triple-moon-altar-cloth-18-x-18,"Triple Moon altar cloth 18"" x 18""","Bordered in Celtic knots, this violet tie-dyed altar cloth features the design of the Triple Moon Goddess, representing the Maiden, Mother, and Crone. Fringed edging and measuring 18"" x 18""",AzureGreen,Metaphysical Supplies,"Best Sellers,Cloths,Moon Products,Gods & Goddesses,Mystic Curiosities,The Way to Resonance",TRUE,Title,Default Title,RAC90,45,shopify,72,deny,azuregreen,11.22,,TRUE,TRUE,,https://www.azuregreen.net/images/RAC90.jpg,1,"Triple Moon altar cloth 18"" x 18""",FALSE,active
rac91-pentagram-goddess-altar-cloth-18-x-18,"Pentagram Goddess altar cloth 18"" x 18""","Goddess with the Triple Moon symbol is backed by an intricate pentagram. The colors in this altar cloth pop against the black background with fringed edging. 100% rayon and measuring 18"" x 18""",AzureGreen,Metaphysical Supplies,"Cloths,Moon Products,Pentagrams & Pentacles,Gods & Goddesses,Mystic Curiosities,The Way to Resonance",TRUE,Title,Default Title,RAC91,45,shopify,84,deny,azuregreen,11.22,,TRUE,TRUE,,https://www.azuregreen.net/images/RAC91.jpg,1,"Pentagram Goddess altar cloth 18"" x 18""",FALSE,active
rasc84a-gold-bordered-pentagram-altar-cloth-36-x-36,"Gold Bordered Pentagram altar cloth 36"" x 36""","The perfect addition to your altar or sacred space, this altar cloth features a silver pentagram, surrounded by an elaborate pattern of Celtic knots. 36"" x 36"".  Thin and light fabric, sizes may vary slightly",AzureGreen,Metaphysical Supplies,"Cloths,Pentagrams & Pentacles,Mystic Curiosities,The Way to Resonance",TRUE,Title,Default Title,RASC84A,181,shopify,101,deny,azuregreen,29.35,,TRUE,TRUE,,https://www.azuregreen.net/images/RASC84A.jpg,1,"Gold Bordered Pentagram altar cloth 36"" x 36""",FALSE,active
rasc93-tree-of-life-altar-cloth-18-x-18,"Tree of Life altar cloth 18"" x 18""","A beautiful Tree of Life altar cloth, featuring a large central Tree of Life with root & branch joined in a complex Celtic knot. Use this symbol of the eternal cycle of life and death on your altar or sacred space. 18"" x 18"" 100% rayon.",AzureGreen,Metaphysical Supplies,"Best Sellers,Cloths,Mystic Curiosities,The Way to Resonance",TRUE,Title,Default Title,RASC93,68,shopify,112,deny,azuregreen,11.22,,TRUE,TRUE,,https://www.azuregreen.net/images/RASC93.jpg,1,"Tree of Life altar cloth 18"" x 18""",FALSE,active
rasc99-24-x24-earth-goddess-altar-cloth,"24""x24"" Earth Goddess altar cloth","A wonderful large Earth Goddess altar cloth with gold Celtic knotwork. The Earth Goddess is silver toned surrounded by the phases of the moon. Complete with a Wheel of the Year to help you honor the holidays. 24"" x 24""",AzureGreen,Metaphysical Supplies,"Cloths,Moon Products,Gods & Goddesses,Mystic Curiosities,The Way to Resonance",TRUE,Title,Default Title,RASC99,136,shopify,150,deny,azuregreen,24.82,,TRUE,TRUE,,https://www.azuregreen.net/images/RASC99A.jpg,1,"24""x24"" Earth Goddess altar cloth",FALSE,active
rat007-5-75-brass-pentagram-altar-tile,"5.75"" brass Pentagram altar tile","The timeless symbol of the pentagram has been created here, cut from brass so as to be a fine addition to your altar or sacred space. Approximately 5.75""",AzureGreen,Metaphysical Supplies,"Tables & Tiles,Best Sellers,Pentagrams & Pentacles,Mystic Curiosities,The Way to Resonance",FALSE,Title,Default Title,RAT007,181,shopify,0,deny,azuregreen,36.15,,TRUE,TRUE,,https://www.azuregreen.net/images/RAT007.jpg,1,"5.75"" brass Pentagram altar tile",FALSE,active
rat7123-11-3-4-dia-pagan-calendar-altar-table,"11 3/4"" dia Pagan Calendar altar table","A wooden altar table carved with a Pagan calendar on the round surface. Great detail throughout this special piece. Approximately 11 3/4"" diameter and stands 5"" tall.",AzureGreen,Metaphysical Supplies,"Tables & Tiles,Boxes, Chests & Tables,Mystic Curiosities,The Way to Resonance",TRUE,Title,Default Title,RAT7123,2721,shopify,16,deny,azuregreen,110.95,,TRUE,TRUE,,https://www.azuregreen.net/images/RAT7123.jpg,1,"11 3/4"" dia Pagan Calendar altar table",FALSE,active
rat7137-6-dia-x-4-pentagram-altar-table,"6""dia x 4"" Pentagram altar table","This small round altar table is a beautifully crafted piece made from sustainable mango wood, offering both elegance and functionality for your spiritual space. The table features a striking pentagram in the center, symbolizing balance, protection, and the connection between the elements. The intricate design adds a mystical touch to any altar, making it an ideal focal point for rituals, meditation, or spellwork.",AzureGreen,Metaphysical Supplies,"Tables & Tiles,Boxes, Chests & Tables,Pentagrams & Pentacles,Mystic Curiosities,The Way to Resonance",FALSE,Title,Default Title,RAT7137,408,shopify,0,deny,azuregreen,29.35,,TRUE,TRUE,,https://www.azuregreen.net/images/RAT7137.jpg,1,"6""dia x 4"" Pentagram altar table",FALSE,active
rat7138-9-x-9-x-8-pentagram-altar-table,"9""x 9""x 8"" Pentagram altar table","9"" x 9"" x 8"" pentagram ritual altar table, designed to enhance your rituals and altars. Crafted with intricate details, the pentagram symbol radiates energy and intention, making it the perfect centerpiece for your sacred space. Its compact size allows for easy placement in any room, while the sturdy construction ensures it can hold your ritual tools and offerings with grace.",AzureGreen,Metaphysical Supplies,"Tables & Tiles,Boxes, Chests & Tables,Pentagrams & Pentacles,Mystic Curiosities,The Way to Resonance",TRUE,Title,Default Title,RAT7138,1496,shopify,1,deny,azuregreen,86.02,,TRUE,TRUE,,https://www.azuregreen.net/images/RAT7138.jpg,1,"9""x 9""x 8"" Pentagram altar table",FALSE,active
rat7139-6-dia-x-4-tree-of-life-altar-table,"6""dia x 4"" Tree of Life altar table","This Tree of Life altar table is a stunning centerpiece for your spiritual space. Crafted with intricate designs that symbolize growth and connection, it adds a touch of nature's beauty to your rituals and meditations. The sturdy construction ensures it can hold your sacred items, while its elegant finish complements any decor. Perfect for those looking to enhance their practice or simply bring a bit of tranquility into their home.",AzureGreen,Metaphysical Supplies,"Tables & Tiles,Boxes, Chests & Tables,Mystic Curiosities,The Way to Resonance",FALSE,Title,Default Title,RAT7139,498,shopify,0,deny,azuregreen,31.62,,TRUE,TRUE,,https://www.azuregreen.net/images/RAT7139.JPG,1,"6""dia x 4"" Tree of Life altar table",FALSE,active
rat7159-6-dia-x-4-flower-of-life-altar-table,"6""dia x 4"" Flower of Life altar table","Transform your sacred space with the Flower of Life altar table, a stunning centerpiece that embodies harmony and spiritual connection. Crafted from high-quality materials, this table features an intricate Flower of Life design, symbolizing unity and the interconnectedness of all life. Elevate your spiritual practice and invite positive energy into your home with this exquisite altar table.",AzureGreen,Metaphysical Supplies,"Tables & Tiles,Boxes, Chests & Tables,Buddhist Figurines & Decor,Mystic Curiosities,The Way to Resonance",FALSE,Title,Default Title,RAT7159,408,shopify,0,deny,azuregreen,29.35,,TRUE,TRUE,,https://www.azuregreen.net/images/RAT7159.JPG,1,"6""dia x 4"" Flower of Life altar table",FALSE,active
rpen3-2-3-4-pentagram-altar-tile,"2 3/4"" Pentagram altar tile","Crafted of white metal to be a silvery presence of light and mysticism upon your alter, this altar tile depicts an interwoven pentagram as a potent symbol of the elements united and ruled by divinity or spirit.",AzureGreen,Metaphysical Supplies,"Tables & Tiles,Pentagrams & Pentacles,Mystic Curiosities,The Way to Resonance",TRUE,Title,Default Title,RPEN3,45,shopify,114,deny,azuregreen,11.22,,TRUE,TRUE,,https://www.azuregreen.net/images/RPEN3.jpg,1,"2 3/4"" Pentagram altar tile",FALSE,active
rpen6-cut-out-pentagram-altar-tile-5-3-4,"Cut-Out Pentagram altar tile 5 3/4""","Ideal for use as a trivet for hot items on your altar or as a symbol of mysticism and magic, this large silver-tone cut-out pentagram altar tile is perfect for any altar.",AzureGreen,Metaphysical Supplies,"Tables & Tiles,Pentagrams & Pentacles,Mystic Curiosities,The Way to Resonance",TRUE,Title,Default Title,RPEN6,272,shopify,73,deny,azuregreen,65.62,,TRUE,TRUE,,https://www.azuregreen.net/images/RPEN6.jpg,1,"Cut-Out Pentagram altar tile 5 3/4""",FALSE,active
sa3444-8-alien-head-led-eyes,"8"" Alien Head LED Eyes",This alien head sculpture is a must have for sci-fi and extraterrestrial enthusiasts. Crafted from resin and designed with eerie realism. Flip the switch to see his LED light up.,AzureGreen,Metaphysical Supplies,"Statues,Novelty & Gift Ideas,Shrine Artifacts,The Way to Resonance",TRUE,Title,Default Title,SA3444,907,shopify,4,deny,azuregreen,99.62,,TRUE,TRUE,,https://www.azuregreen.net/images/SA3444.jpg,1,"8"" Alien Head LED Eyes",FALSE,active
sa717-anubis-12,"Anubis 12""","This statue depicts the Ancient Egyptian god Anubis, who was revered as the embalmer of the dead and one who weighed the truth of the heart against a feather to determine one's worth in the afterlife. 12""",AzureGreen,Metaphysical Supplies,"Statues,Gods & Goddesses,Shrine Artifacts,The Way to Resonance",TRUE,Title,Default Title,SA717,1632,shopify,1,deny,azuregreen,115.49,,TRUE,TRUE,,https://www.azuregreen.net/images/SA717.jpg,1,"Anubis 12""",FALSE,active
sa844-aphrodite-13-1-4,"Aphrodite 13 1/4""","As the Greek goddess of love, desire, and beauty, Aphrodite herself was often seen as the most beautiful and desirable woman in existence. Here, the Aphrodite Statue captures the idea that among the goddesses, none were as beautiful as Aphrodite. In this statue, Aphrodite appears to be doing little more than standing and stretching. One arm is casually arched over her head while her other hand runs through her hair as her head tilts slightly. A loose-fitting cloth is tied around her figure to act as an unrestrictive robe of sorts. Cold cast resin. 13 1/4"" x 4"" x 4""",AzureGreen,Metaphysical Supplies,"Statues,Gods & Goddesses,Shrine Artifacts,The Way to Resonance",FALSE,Title,Default Title,SA844,2177,shopify,0,deny,azuregreen,176.69,,TRUE,TRUE,,https://www.azuregreen.net/images/SA844.jpg,1,"Aphrodite 13 1/4""",FALSE,active
sa849-apollo-10-1-2,"Apollo 10 1/2""","Sculpted so as to appear to be bronze, this statue depicts Apollo, riding the back of a swan into the north wind at the coming of winter. 10 1/2"" tall and 6 1/2"" wide.",AzureGreen,Metaphysical Supplies,"Statues,Gods & Goddesses,Shrine Artifacts,The Way to Resonance",TRUE,Title,Default Title,SA849,2902,shopify,5,deny,azuregreen,192.55,,TRUE,TRUE,,https://www.azuregreen.net/images/SA849.jpg,1,"Apollo 10 1/2""",FALSE,active
san1sb-6-ankh-black-w-stand,"6"" Ankh black W stand","Celebrate ancient symbolism with this 6-inch resin Ankh in bold black and gold tones. Complete with an easel stand, it�s perfect for altars, shelves, or desks. A timeless Egyptian emblem of life, protection, and power, each piece is uniquely detailed with natural variations from the casting process.",AzureGreen,Metaphysical Supplies,"Statues,Home Decor,Shrine Artifacts,The Way to Resonance",FALSE,Title,Default Title,SAN1SB,181,shopify,0,deny,azuregreen,56.55,,TRUE,TRUE,,https://www.azuregreen.net/images/SAN1SB.jpg,1,"6"" Ankh black W stand",FALSE,active
san1sg-6-ankh-gold-w-stand,"6"" Ankh gold W stand","Celebrate ancient symbolism with this 6-inch resin Ankh in striking yellow and gold tones. Complete with an easel stand, it�s perfect for altars, shelves, or desks. A timeless Egyptian emblem of life, protection, and power, each piece is uniquely detailed with natural variations from the casting process.",AzureGreen,Metaphysical Supplies,"Statues,Home Decor,Featured Products,Shrine Artifacts,The Way to Resonance",TRUE,Title,Default Title,SAN1SG,181,shopify,1,deny,azuregreen,56.55,,TRUE,TRUE,,https://www.azuregreen.net/images/SAN1SG.jpg,1,"6"" Ankh gold W stand",FALSE,active
sb197-24-baphomet,"24"" Baphomet","This striking representation of Baphomet stands at an impressive 24 inches tall and approximately 20 inches wide, crafted from high-quality cast resin. The piece features a dramatic black finish accented with bronze highlights, enhancing its intricate details and emblems of metaphysical and spiritual significance. Ideal for collectors and enthusiasts, this artwork serves as a captivating focal point in any space, embodying a blend of artistry and esoteric symbolism.",AzureGreen,Metaphysical Supplies,"Statues,Shrine Artifacts,The Way to Resonance",TRUE,Title,Default Title,SB197,22226,shopify,8,deny,azuregreen,845.35,,TRUE,TRUE,,https://www.azuregreen.net/images/SB197.jpg,1,"24"" Baphomet",FALSE,active
sb250-bastet-8,"Bastet 8""","An exquisite statue of Bastet in her cat form. Simple elegant lines with fine details and decorations picked out in enamel. Cold Cast Resin. 3"" x 5"" x  8""",AzureGreen,Metaphysical Supplies,"Statues,Gods & Goddesses,Shrine Artifacts,The Way to Resonance",TRUE,Title,Default Title,SB250,1678,shopify,4,deny,azuregreen,97.35,,TRUE,TRUE,,https://www.azuregreen.net/images/SB250.jpg,1,"Bastet 8""",FALSE,active
sb252-bastet-5-1-2,"Bastet 5 1/2""","An exquisite statue of Bastet in her cat form. Simple elegant lines with fine details and decorations picked out in enamel. Cold Cast Resin. 2 1/2"" x 3 1/2"" x 5 1/2""",AzureGreen,Metaphysical Supplies,"Statues,Gods & Goddesses,Shrine Artifacts,The Way to Resonance",TRUE,Title,Default Title,SB252,725,shopify,13,deny,azuregreen,52.02,,TRUE,TRUE,,https://www.azuregreen.net/images/SB2522.jpg,1,"Bastet 5 1/2""",FALSE,active
sb288-baphomet,Baphomet,"This wall plaque head is the famous icon, Baphomet goat headed god, with flame of spirit rising from head. It is cast resin and has metal inset reinforced hanger in back to allow for wall hanging or flat display on table or altar. 8 1/4"" x 8 1/4"".",AzureGreen,Metaphysical Supplies,"Statues,Wall Hangings,All Wall hangings, Chimes & Tapestries,Shrine Artifacts,The Way to Resonance",TRUE,Title,Default Title,SB288,2721,shopify,12,deny,azuregreen,149.49,,TRUE,TRUE,,https://www.azuregreen.net/images/SB288.jpg,1,Baphomet,FALSE,active
sb3287-5-1-4-bat-hanging-on-moon,"5 1/4"" Bat Hanging on Moon","A bat sleeps with his wings wrapped around him like a cloak, hanging from a crescent moon. The crescent moon is made up of branches with a face.",AzureGreen,Metaphysical Supplies,"Statues,Novelty & Gift Ideas,Home Decor,Moon Products,Shrine Artifacts,The Way to Resonance",TRUE,Title,Default Title,SB3287,453,shopify,12,deny,azuregreen,45.22,,TRUE,TRUE,,https://www.azuregreen.net/images/SB3287.jpg,1,"5 1/4"" Bat Hanging on Moon",FALSE,active
sb697-14-1-2-baphomet-bronze-color,"14 1/2"" Baphomet bronze color","Depicting the image of Baphomet, this statue depicts the God as a masculine but in balance the Goddess. as well as a symbol of perfect balance between the spiritual and physical realms. Cold cast resin. Approximately 14 1/2""",AzureGreen,Metaphysical Supplies,"Statues,Shrine Artifacts,The Way to Resonance",TRUE,Title,Default Title,SB697,6803,shopify,7,deny,azuregreen,367.09,,TRUE,TRUE,,https://www.azuregreen.net/images/SB697.jpg,1,"14 1/2"" Baphomet bronze color",FALSE,active
sb698-14-1-2-baphomet,"14 1/2"" Baphomet","A dramatic representation of Baphomet, this statue seated on the world, is detailed with many emblems of metaphysical and spiritual expression. The finish is dark bronze with verdigris highlights. Cast resin with felt covered bottom. 14 1/2""",AzureGreen,Metaphysical Supplies,"Statues,Shrine Artifacts,The Way to Resonance",TRUE,Title,Default Title,SB698,6803,shopify,3,deny,azuregreen,305.89,,TRUE,TRUE,,https://www.azuregreen.net/images/SB698.jpg,1,"14 1/2"" Baphomet",FALSE,active
sb804-3-bastet,"3"" Bastet","Sleek and elegant very detailed for a small statue. This Bastet or Bast. Has satin black finish with gold highlights. It is excellent for any altar or shelf. Resin 3""",AzureGreen,Metaphysical Supplies,"Statues,NEW Weekly Email Products,Gods & Goddesses,Shrine Artifacts,The Way to Resonance",TRUE,Title,Default Title,SB804,136,shopify,74,deny,azuregreen,22.55,,TRUE,TRUE,,https://www.azuregreen.net/images/SB804.jpg,1,"3"" Bastet",FALSE,active
sb857-bastet-feminine-divine-11,"Bastet Feminine Divine 11""","Shown here in her form of a woman rather than a Lion or domestic cat, the Ancient Egyptian goddess Bastet is portrayed as the epitome of the feminine divine. Cold cast  resin 11""x 3""'",AzureGreen,Metaphysical Supplies,"Statues,Gods & Goddesses,Shrine Artifacts,The Way to Resonance",TRUE,Title,Default Title,SB857,1224,shopify,3,deny,azuregreen,126.82,,TRUE,TRUE,,https://www.azuregreen.net/images/SB857.jpg,1,"Bastet Feminine Divine 11""",FALSE,active
sb860-bastet-9,"Bastet 9""","A beautiful solid bronze statue of Bastet in her cat form; highlighted with delicate hand painted embellishments. 9"" x 3 1/4"" x 5""",AzureGreen,Metaphysical Supplies,"Statues,Gods & Goddesses,Shrine Artifacts,The Way to Resonance",FALSE,Title,Default Title,SB860,1360,shopify,0,deny,azuregreen,129.09,,TRUE,TRUE,,https://www.azuregreen.net/images/SB860.jpg,1,"Bastet 9""",FALSE,active
sb926-baphomet-9-1-2,"Baphomet 9 1/2""","Depicting the image of Baphomet, this statue depicts the God as a masculine but in balance the Goddess. as well as a symbol of perfect balance between the spiritual and physical realms. Cold cast resin. 9 1/2� x 5 1/2� x 3 1/4�",AzureGreen,Metaphysical Supplies,"Statues,Shrine Artifacts,The Way to Resonance",FALSE,Title,Default Title,SB926,1632,shopify,0,deny,azuregreen,167.62,,TRUE,TRUE,,https://www.azuregreen.net/images/SB926.jpg,1,"Baphomet 9 1/2""",FALSE,active
sbu01-4-1-2-buddha-blue-gold,"4 1/2"" Buddha Blue/Gold","A peaceful Buddha figure finished in soft clouded blue with gentle gold-toned accents. The serene design radiates calm and tranquility, making it a perfect piece for meditation spaces, spiritual d�cor, or simply bringing a touch of harmony into any room. Also available in an&nbsp;<FONT color=#004080><STRONG><U>Clouded Clear</U></STRONG></FONT><A href=""https://www.azuregreen.net/4-1_4-Buddha-Clear_-Gold/productinfo/SBU01CL/""><FONT color=#004080><STRONG> Buddha&nbsp;</STRONG></FONT></A>and is also crafted as <A href=""https://www.azuregreen.net/5-Ganesh-Orange_-Gold/productinfo/SGA01OR/""><FONT color=#004080><STRONG>Ganesh in a vibrant Orange</STRONG></FONT></A>",AzureGreen,Metaphysical Supplies,"Statues,Home Decor,Buddhist Figurines & Decor,Shrine Artifacts,The Way to Resonance",TRUE,Title,Default Title,SBU01,136,shopify,21,deny,azuregreen,47.49,,TRUE,TRUE,,https://www.azuregreen.net/images/SBU01.jpg,1,"4 1/2"" Buddha Blue/Gold",FALSE,active
sbu01cl-4-1-4-buddha-clear-gold,"4 1/4"" Buddha Clear/ Gold","A peaceful Buddha figure finished in soft clouded clear with gentle gold-toned accents. The serene design radiates calm and tranquility, making it a perfect piece for meditation spaces, spiritual d�cor, or simply bringing a touch of harmony into any room. Also available in an <A href=""https://www.azuregreen.net/4-1_2-Buddha/productinfo/SBU01/""><FONT color=#004080><STRONG>Elegant Blue Buddha</STRONG></FONT>&nbsp;</A>and is also crafted as <A href=""https://www.azuregreen.net/5-Ganesh-Orange_-Gold/productinfo/SGA01OR/""><FONT color=#004080><STRONG>Ganesh in a vibrant Orange</STRONG></FONT></A>",AzureGreen,Metaphysical Supplies,"Statues,Home Decor,Buddhist Figurines & Decor,Shrine Artifacts,The Way to Resonance",FALSE,Title,Default Title,SBU01CL,136,shopify,0,deny,azuregreen,47.49,,TRUE,TRUE,,https://www.azuregreen.net/images/SBU01CL.jpg,1,"4 1/4"" Buddha Clear/ Gold",FALSE,active
sc321-winged-cat-gargoyle-6-1-2,"Winged Cat Gargoyle 6 1/2""","This wonderful resin cast of a gargoyle cat with his wings spread and his fangs showing. 6 1/2"" x 8"" x 4"".",AzureGreen,Metaphysical Supplies,"Statues,Home Decor,Shrine Artifacts,The Way to Resonance",FALSE,Title,Default Title,SC321,1814,shopify,0,deny,azuregreen,90.55,,TRUE,TRUE,,https://www.azuregreen.net/images/sc321.jpg,1,"Winged Cat Gargoyle 6 1/2""",FALSE,active
sc882-8-1-2-cerridewen,"8 1/2"" Cerridewen","Cerridewen - the goddess kneeling beside her magic cauldron. This heavy resin casting is detailed and elaborate. She is keeper of the cauldron. Finish is earth tone brick - terracotta. 9"" h x 8"" w.",AzureGreen,Metaphysical Supplies,"Statues,Gods & Goddesses,Shrine Artifacts,The Way to Resonance",TRUE,Title,Default Title,SC882,3401,shopify,8,deny,azuregreen,219.75,,TRUE,TRUE,,https://www.azuregreen.net/images/SC882.jpg,1,"8 1/2"" Cerridewen",FALSE,active
sd3481-10-7-dragons-on-rock,"10"" 7 Dragons on Rock","Bring the power of myth and magic to your space with this striking resin rock, featuring seven colorful metallic dragons winding their way skyward. Each dragon gleams in vibrant hues, capturing the light as if alive, while the textured rock base adds a natural, earthy contrast.",AzureGreen,Metaphysical Supplies,"Statues,Novelty & Gift Ideas,Home Decor,Dragons,Shrine Artifacts,The Way to Resonance",TRUE,Title,Default Title,SD3481,498,shopify,12,deny,azuregreen,86.02,,TRUE,TRUE,,https://www.azuregreen.net/images/SD3481.jpg,1,"10"" 7 Dragons on Rock",FALSE,active
sd886-10-danu,"10"" Danu","Danu Celtic Goddess. She is shrouded in mystery but has great influence for all aspects of life including: wisdom, fertility, bounty, protection, and more. Hand Painted Resin 5"" x 5"" x 9""",AzureGreen,Metaphysical Supplies,"Statues,Gods & Goddesses,Shrine Artifacts,The Way to Resonance",TRUE,Title,Default Title,SD886,1723,shopify,3,deny,azuregreen,133.62,,TRUE,TRUE,,https://www.azuregreen.net/images/SD886.jpg,1,"10"" Danu",FALSE,active
sf730-5-1-4-fairyland-fairy,"5 1/4"" Fairyland Fairy","Hand Painted resin. Fairy figurine statue, squatting with hands over knees holding a rose, with a fallen rose pedal just in front of her.",AzureGreen,Metaphysical Supplies,"Statues,Shrine Artifacts,The Way to Resonance",TRUE,Title,Default Title,SF730,1542,shopify,3,deny,azuregreen,117.75,,TRUE,TRUE,,https://www.azuregreen.net/images/SF730.jpg,1,"5 1/4"" Fairyland Fairy",FALSE,active
sg030-set-of-3-15-16-ganesh-supari-brass,"(set of 3) 15/16"" Ganesh, Supari brass","A small Supari Ganesh statue made of brass. Betel nuts or supari is a symbol of the ego that must be offered on the altar of God. This little brass Ganesh ensures you give all your vices to the lord himself. Ganesh is the Hindu God of new beginnings that will open the road of possibilities and help remove obstacles. Carry this symbolic piece around with you daily. 15/16"" Brass from India.",AzureGreen,Metaphysical Supplies,"Statues,Sets & Multiple Bulk Items,Gods & Goddesses,Buddhist Figurines & Decor,Shrine Artifacts,The Way to Resonance",FALSE,Title,Default Title,SG030,45,shopify,0,deny,azuregreen,36.15,,TRUE,TRUE,,https://www.azuregreen.net/images/SG030A.jpg,1,"(set of 3) 15/16"" Ganesh, Supari brass",FALSE,active
sg101-gaia-8-1-2,"Gaia 8 1/2""","A beautifully detailed statue depicting Gaia flowing from the Earth. Made in cold cast resin and hand painted in an antique bronze finish.  8 1/2"" x 4"" x 2 1/2""",AzureGreen,Metaphysical Supplies,"Statues,Gods & Goddesses,Shrine Artifacts,The Way to Resonance",FALSE,Title,Default Title,SG101,1133,shopify,0,deny,azuregreen,154.02,,TRUE,TRUE,,https://www.azuregreen.net/images/SG101.jpg,1,"Gaia 8 1/2""",FALSE,active
sg102-5-3-4-gold-ganesha,"5 3/4"" gold Ganesha","Enhance your home decor with this exquisite 5 3/4"" Gold toned Ganesha statue. Crafted with intricate details, this statue of the Hindu deity Ganesha is perfect for adding a touch of elegance and spirituality to any room. The gold tone finish gives it a luxurious look, making it a stunning centerpiece for your living space or a thoughtful gift for a loved one. Cold cast resin",AzureGreen,Metaphysical Supplies,"Statues,Buddhist Figurines & Decor,Shrine Artifacts,The Way to Resonance",TRUE,Title,Default Title,SG102,453,shopify,7,deny,azuregreen,36.15,,TRUE,TRUE,,https://www.azuregreen.net/images/SG102.jpg,1,"5 3/4"" gold Ganesha",FALSE,active
sg545-ram-horned-gargoyle-6,"Ram Horned Gargoyle 6""","Known for decorating medieval buildings, gargoyles have are known in modern times as symbols of protection. Place this ram horned gargoyle in your home to help ward off negative influences. 6"" x 8"".",AzureGreen,Metaphysical Supplies,"Statues,Home Decor,Protection & Cleansing,Shrine Artifacts,The Way to Resonance",TRUE,Title,Default Title,SG545,2267,shopify,9,deny,azuregreen,97.35,,TRUE,TRUE,,https://www.azuregreen.net/images/SG545.jpg,1,"Ram Horned Gargoyle 6""",FALSE,active
sg546-gargoyle-guardian-6,"Gargoyle Guardian 6""","This fierce gargoyle statue stands with a fist cocked back as though he is ready to strike out at whatever might harm that which he protects. 6""",AzureGreen,Metaphysical Supplies,"Statues,Home Decor,Shrine Artifacts,The Way to Resonance",TRUE,Title,Default Title,SG546,1814,shopify,6,deny,azuregreen,88.29,,TRUE,TRUE,,https://www.azuregreen.net/images/SG546.JPG,1,"Gargoyle Guardian 6""",FALSE,active
sg700-greenman-plaque,Greenman plaque,"An amazing Greenman wall plaque created with built up levels of detail made of leaves, clover, vines and acorns. Hand painted to simulate copper with a heavy patina. Cold Cast Resin. 12"" x 10 3/4"" x 2 1/4""",AzureGreen,Metaphysical Supplies,"Statues,Home Decor,Wall Hangings,All Wall hangings, Chimes & Tapestries,Shrine Artifacts,The Way to Resonance",TRUE,Title,Default Title,SG700,2721,shopify,3,deny,azuregreen,149.49,,TRUE,TRUE,,https://www.azuregreen.net/images/SG700.jpg,1,Greenman plaque,FALSE,active
sga01or-5-ganesh-orange-gold,"5"" Ganesh Orange/ Gold","This Ganesh statue combines soft clouded orange with gentle gold accents, creating a peaceful presence for your altar, shelf, or table. The peaceful design is also crafted as a Buddha, in <U><STRONG><FONT color=#004080>S</FONT></STRONG></U><A href=""https://www.azuregreen.net/4-1_2-Buddha/productinfo/SBU01/""><STRONG><FONT color=#004080>oothing Blue</FONT></STRONG> </A>and <A href=""https://www.azuregreen.net/4-1_4-Buddha-Clear_-Gold/productinfo/SBU01CL/""><STRONG><FONT color=#004080>Elegant Clouded Clear</FONT></STRONG></A>.",AzureGreen,Metaphysical Supplies,"Statues,Home Decor,Buddhist Figurines & Decor,Shrine Artifacts,The Way to Resonance",TRUE,Title,Default Title,SGA01OR,453,shopify,5,deny,azuregreen,76.95,,TRUE,TRUE,,https://www.azuregreen.net/images/SGA01OR.jpg,1,"5"" Ganesh Orange/ Gold",FALSE,active
sga04-3-1-2-ganesha,"3 1/2"" Ganesha","Perfect for personal altars or small spaces, this 3.5"" bronze-finish Ganesh brings wisdom, success, and protection to your desk, nightstand, or meditation area. Made of durable resin, each handcrafted piece may show slight color and detail variations, adding to its unique charm.",AzureGreen,Metaphysical Supplies,"Statues,Home Decor,Buddhist Figurines & Decor,Shrine Artifacts,The Way to Resonance",TRUE,Title,Default Title,SGA04,181,shopify,22,deny,azuregreen,40.69,,TRUE,TRUE,,https://www.azuregreen.net/images/SGA04.jpg,1,"3 1/2"" Ganesha",FALSE,active
sh541-horus-14,"Horus 14""","This statue portrays Horus, the God of the Sky, War, and the Hunt and the protector of ancient Egypt, wearing the headdress of the Pharaoh.",AzureGreen,Metaphysical Supplies,"Statues,Sun & Stars,Gods & Goddesses,Shrine Artifacts,The Way to Resonance",TRUE,Title,Default Title,SH541,2267,shopify,9,deny,azuregreen,142.69,,TRUE,TRUE,,https://www.azuregreen.net/images/SH541.jpg,1,"Horus 14""",FALSE,active
sh721-goddess-hecate,Goddess Hecate,"Hecate both Goddess and Titan inspires and enthralls people around the world. When you are at the cross roads she can light your way. Statue is detailed highlighted bone-cream color. Hand Painted Resin 6"" x 6"" x 11 1/4""",AzureGreen,Metaphysical Supplies,"Statues,Gods & Goddesses,Shrine Artifacts,The Way to Resonance",FALSE,Title,Default Title,SH721,2267,shopify,0,deny,azuregreen,133.62,,TRUE,TRUE,,https://www.azuregreen.net/images/SH721.jpg,1,Goddess Hecate,FALSE,active
sh722-goddess-hecate-bronze,Goddess Hecate (bronze),"Hecate both Goddess and Titan inspires and enthralls people around the world. When you are at the cross roads she can light your way. Statue is detailed highlighted with metal bronze finish heavier robust version. Hand Cold Cast Bronze 6"" x 6"" x 11 1/4""",AzureGreen,Metaphysical Supplies,"Statues,Gods & Goddesses,Shrine Artifacts,The Way to Resonance",FALSE,Title,Default Title,SH722,1814,shopify,0,deny,azuregreen,197.09,,TRUE,TRUE,,https://www.azuregreen.net/images/SH722.jpg,1,Goddess Hecate (bronze),FALSE,active
sh729-horned-god,Horned God,"This God roams the forests protecting and loving the Goddess and all her children. Horned God Statue, polyresin, bronze color, 4 3/4"" x 4 3/4"" x 12 1/2"".",AzureGreen,Metaphysical Supplies,"Statues,Gods & Goddesses,Shrine Artifacts,The Way to Resonance",TRUE,Title,Default Title,SH729,2948,shopify,6,deny,azuregreen,169.89,,TRUE,TRUE,,https://www.azuregreen.net/images/SH729.jpg,1,Horned God,FALSE,active
sh852-hera-9-1-2,"Hera 9 1/2""","Queen to Zeus and often appearing in Greek Legends and myths, Hera is a Goddess of women and Marriage. Place this elegant statue of her on your altar or in your home in worship and reverence. 9 1/2"" tall.",AzureGreen,Metaphysical Supplies,"Statues,Gods & Goddesses,Shrine Artifacts,The Way to Resonance",TRUE,Title,Default Title,SH852,2267,shopify,2,deny,azuregreen,185.75,,TRUE,TRUE,,https://www.azuregreen.net/images/SH852.jpg,1,"Hera 9 1/2""",FALSE,active
sh971-hathor-statue-11,"Hathor statue 11""","A striking and regally posed Hathor with her crown of office and a golden Ankh in her outstretched hand. Cold Cast Resin. 11"" x 6"" x 5""",AzureGreen,Metaphysical Supplies,"Statues,Gods & Goddesses,Shrine Artifacts,The Way to Resonance",TRUE,Title,Default Title,SH971,3175,shopify,1,deny,azuregreen,165.35,,TRUE,TRUE,,https://www.azuregreen.net/images/SH971.jpg,1,"Hathor statue 11""",FALSE,active
si107-open-wings-isis,Open Wings Isis,"An impressively detailed wall plaque of Isis with full wings unfurled. Made from hand painted, cold cast resin. 12 1/4"" x 11 3/4"" x 2""",AzureGreen,Metaphysical Supplies,"Statues,Home Decor,Wall Hangings,All Wall hangings, Chimes & Tapestries,Gods & Goddesses,Shrine Artifacts,The Way to Resonance",TRUE,Title,Default Title,SI107,2267,shopify,5,deny,azuregreen,144.95,,TRUE,TRUE,,https://www.azuregreen.net/images/SI107.JPG,1,Open Wings Isis,FALSE,active
si542-goddess-isis-13,"Goddess Isis 13""","This statue portrays the beloved Egyptian Goddess Isis as elegantly fierce and motherly, gazing out with a serene expression while she holds a shield marked with a symbol of the rebirth of the Nile.",AzureGreen,Metaphysical Supplies,"Statues,Gods & Goddesses,Shrine Artifacts,The Way to Resonance",TRUE,Title,Default Title,SI542,1360,shopify,4,deny,azuregreen,126.82,,TRUE,TRUE,,https://www.azuregreen.net/images/SI542.jpg,1,"Goddess Isis 13""",FALSE,active
si578-egyptian-isis,Egyptian Isis,"A regal depiction of Isis with spread wings. Made from cold cast resin  and finished in black enamel with fine details picked out in gold. 11 7/8"" x 9 7/8"" x 3 1/2""",AzureGreen,Metaphysical Supplies,"Statues,Gods & Goddesses,Shrine Artifacts,The Way to Resonance",TRUE,Title,Default Title,SI578,3175,shopify,3,deny,azuregreen,165.35,,TRUE,TRUE,,https://www.azuregreen.net/images/SI578.jpg,1,Egyptian Isis,FALSE,active
si581-egyptian-isis,Egyptian Isis,"A regal depiction of Isis with spread wings. Detailed silvery base with gold and copper red highlights. Hand Painted Resin 9 3/4"" x 3 1/2"" x 11 7/8""",AzureGreen,Metaphysical Supplies,"Statues,Gods & Goddesses,Shrine Artifacts,The Way to Resonance",TRUE,Title,Default Title,SI581,3175,shopify,5,deny,azuregreen,165.35,,TRUE,TRUE,,https://www.azuregreen.net/images/SI581.jpg,1,Egyptian Isis,FALSE,active
sk415-8-1-4-kuan-yin,"8 1/4"" Kuan Yin","This 8 1/4"" beautifully detailed hand polished, cold cast bronze statue, depicts the bodhisattva, Kuan Yin sitting upon a crescent moon, with a bed of flowers beneath her feet.",AzureGreen,Metaphysical Supplies,"Statues,Moon Products,Buddhist Figurines & Decor,Shrine Artifacts,The Way to Resonance",TRUE,Title,Default Title,SK415,1814,shopify,4,deny,azuregreen,176.69,,TRUE,TRUE,,https://www.azuregreen.net/images/SK415.jpg,1,"8 1/4"" Kuan Yin",FALSE,active
sl068-lakshmi-10,"Lakshmi 10""","A wonderfully detailed depiction of the goddess Lakshmi bearing many symbols of wealth and plenty. Cold cast resin. 10"" x 5 1/4"" x 3 1/4""",AzureGreen,Metaphysical Supplies,"Statues,Gods & Goddesses,Buddhist Figurines & Decor,Shrine Artifacts,The Way to Resonance",TRUE,Title,Default Title,SL068,1814,shopify,6,deny,azuregreen,135.89,,TRUE,TRUE,,https://www.azuregreen.net/images/SL068.jpg,1,"Lakshmi 10""",FALSE,active
sl452-loki,Loki,"This bust is a proud and fierce representation of Loli, Norse God of Mischief. Cold Cast Resin. 11"" x 7"" x 4""",AzureGreen,Metaphysical Supplies,"Statues,Home Decor,Viking & Celtic Products,Gods & Goddesses,Shrine Artifacts,The Way to Resonance",TRUE,Title,Default Title,SL452,2721,shopify,10,deny,azuregreen,160.82,,TRUE,TRUE,,https://www.azuregreen.net/images/SL452.jpg,1,Loki,FALSE,active
sl850-loki-10,"Loki 10""","Portraying Loki the Trickster, this statue is a marvelous representation of the Norse god of chaos, mayhem, and discord, showing him unleashing his children Fenrir and Jormungandr upon the world. 10"" x 5"" x 4""",AzureGreen,Metaphysical Supplies,"Statues,Viking & Celtic Products,Gods & Goddesses,Shrine Artifacts,The Way to Resonance",TRUE,Title,Default Title,SL850,2267,shopify,9,deny,azuregreen,203.89,,TRUE,TRUE,,https://www.azuregreen.net/images/SL850.jpg,1,"Loki 10""",FALSE,active
sm328-6-1-2-millenial-gaia,"6 1/2"" Millenial Gaia","The millennial Gaia, a visionary Goddess sculpture. An exquisite figurine brings our evolving consciousness of the Earth into physical form. Hold the Millennial Gaia in your hands and hear her message. This statue comes with a pamphlet to inspire you with history, mythology, science and spirituality. 6 1/2"" tall resin statue.",AzureGreen,Metaphysical Supplies,"Statues,Gods & Goddesses,Shrine Artifacts,The Way to Resonance",FALSE,Title,Default Title,SM328,1315,shopify,0,deny,azuregreen,154.02,,TRUE,TRUE,,https://www.azuregreen.net/images/SM328.jpg,1,"6 1/2"" Millenial Gaia",FALSE,active
sm715-17-maiden-mother-crone-wall-mirror,"17"" Maiden, Mother, Crone wall mirror","A beautifully designed solid oval wall mirror of the Maiden, Mother, and Crone, entwined within a detailed tree branch, that is wrapped with ivy, bordering the frame of the oval mirror, the fertility Mother has a pentacle chain, that hangs with a chain from her neck, garnishing the top of the mirror. Dims: 12 3/4"" x 2 3/4"" x 17 1/2"" cold cast resin.",AzureGreen,Metaphysical Supplies,"Statues,Home Decor,Wall Hangings,Pentagrams & Pentacles,All Wall hangings, Chimes & Tapestries,Gods & Goddesses,Shrine Artifacts,The Way to Resonance",FALSE,Title,Default Title,SM715,4535,shopify,0,deny,azuregreen,287.75,,TRUE,TRUE,,https://www.azuregreen.net/images/SM715.jpg,1,"17"" Maiden, Mother, Crone wall mirror",FALSE,active
sm755-metatron-angel-10,"Metatron Angel 10""","In the hierarchy of heaven, archangels are some of the most important and most powerful of angels. Each possesses a unique role and a unique name. This Bronze Archangel Metatron Statue depicts the angelic figure known as the scribe of God. Cold cast resin.  7 1/2"" x 3 1/2"" x 10""",AzureGreen,Metaphysical Supplies,"Statues,Angels,Shrine Artifacts,The Way to Resonance",FALSE,Title,Default Title,SM755,2267,shopify,0,deny,azuregreen,224.29,,TRUE,TRUE,,https://www.azuregreen.net/images/SM755.jpg,1,"Metatron Angel 10""",FALSE,active
sm854-moon-diana-10-1-4,"Moon Diana 10 1/4""","Goddess of the hunt, the moon, hunting, a warrior in her own right and virgin goddess of childbirth and women Diana is often considered the ideal form of strong and independent femininity. Diana is beautifully sculpted here with a full grown stag, sword and hunting spear. The overall bronze appearance is broken by selectively picked out details adding bits of magical majesty to this wonderful piece. Cold Cast Resin. 10 1/4"" X 7"" X 5""",AzureGreen,Metaphysical Supplies,"Statues,Moon Products,Gods & Goddesses,Shrine Artifacts,The Way to Resonance",TRUE,Title,Default Title,SM854,3175,shopify,10,deny,azuregreen,226.55,,TRUE,TRUE,,https://www.azuregreen.net/images/SM854.jpg,1,"Moon Diana 10 1/4""",FALSE,active
smcrb04-set-of-3-4-mother-maiden-crone-figurines,"(set of 3) ~4"" Mother, Maiden, Crone figurines","These delicate Mother, Maiden, Crone figurines are crafted from metallic painted resin, making them a stunning addition to any home decor. Each figurine represents a different stage of a woman's life, symbolizing the journey from youth to wisdom. The intricate details and elegant design of these figurines make them a perfect gift for any occasion, whether it's a birthday, Mother's Day, or simply to show appreciation for the important women in your life. Display them on a shelf, mantel, or side table to create a beautiful focal point and celebrate the strength and beauty of women.",AzureGreen,Metaphysical Supplies,"Statues,Home Decor,Gods & Goddesses,Shrine Artifacts,The Way to Resonance",TRUE,Title,Default Title,SMCRB04,453,shopify,14,deny,azuregreen,56.55,,TRUE,TRUE,,https://www.azuregreen.net/images/SMCRB04.jpg,1,"(set of 3) ~4"" Mother, Maiden, Crone figurines",FALSE,active
so280-11-odin-bust,"11"" Odin Bust","The chief of the Norse Gods and ruler of Asgard, Odin, is shown here in a bust of his head and shoulders. Appearing stern and wise, with one eye and the fierce armor of battle, it is easy to see why the Norse Gods made him Chief. 11""",AzureGreen,Metaphysical Supplies,"Statues,Home Decor,Viking & Celtic Products,Gods & Goddesses,Shrine Artifacts,The Way to Resonance",FALSE,Title,Default Title,SO280,4535,shopify,0,deny,azuregreen,206.15,,TRUE,TRUE,,https://www.azuregreen.net/images/SO280.JPG,1,"11"" Odin Bust",FALSE,active
sp084-forest-pentagram-dragon-wall-plaque-13,"Forest Pentagram Dragon Wall Plaque 13""","From the artwork of Anne Stokes, a beautiful fusion of the natural with the magical, the forest pentagram dragon portrays a verdant green dragon with its serpentine body entangled within a pentagram woven of sculpted sticks. 13"" cold cast resin.",AzureGreen,Metaphysical Supplies,"Statues,Home Decor,Wall Hangings,Pentagrams & Pentacles,All Wall hangings, Chimes & Tapestries,Dragons,Shrine Artifacts,The Way to Resonance",TRUE,Title,Default Title,SP084,3175,shopify,4,deny,azuregreen,226.55,,TRUE,TRUE,,https://www.azuregreen.net/images/SP084.jpg,1,"Forest Pentagram Dragon Wall Plaque 13""",FALSE,active
sp562-pentagram-wall-hanging-9,"Pentagram Wall Hanging  9""","This wall hanging has been carved from a solid piece of wood and stained black, and displays the five pointed star of a Pentagram; an ancient symbol of mysticism. Hanger bracket is flush to allow for flat use on table or hanging on wall. Hanging bracket is metal 3/8"" slotted.",AzureGreen,Metaphysical Supplies,"Statues,Home Decor,Wall Hangings,Pentagrams & Pentacles,All Wall hangings, Chimes & Tapestries,Shrine Artifacts,The Way to Resonance",TRUE,Title,Default Title,SP562,861,shopify,12,deny,azuregreen,47.49,,TRUE,TRUE,,https://www.azuregreen.net/images/SP562.jpg,1,"Pentagram Wall Hanging  9""",FALSE,active
sr3482-4-3-4-steampunk-raven,"4 3/4"" Steampunk Raven","A steampunk raven perched on an open book, full of gearwork details and metallic touches. Made from cold cast resin, it�s a unique piece that adds a dark, mechanical twist to any shelf or desk.",AzureGreen,Metaphysical Supplies,"Statues,Novelty & Gift Ideas,Shrine Artifacts,The Way to Resonance",TRUE,Title,Default Title,SR3482,317,shopify,23,deny,azuregreen,49.75,,TRUE,TRUE,,https://www.azuregreen.net/images/SR3482.jpg,1,"4 3/4"" Steampunk Raven",FALSE,active
sr729-downward-looking-raven-5-1-2,"Downward Looking Raven 5 1/2""","Reminiscent of the poem ""The Raven"" by Edgar Allen Poe, this detailed statue portrays a raven looking down, offering somewhat of a more sinister perspective upon the noble raven. 5 1/2"" x 6"" x 2 1/2""",AzureGreen,Metaphysical Supplies,"Statues,Home Decor,Shrine Artifacts,The Way to Resonance",FALSE,Title,Default Title,SR729,907,shopify,0,deny,azuregreen,83.75,,TRUE,TRUE,,https://www.azuregreen.net/images/SR729.jpg,1,"Downward Looking Raven 5 1/2""",FALSE,active
sr731-backward-looking-raven-6,"Backward Looking Raven 6""","Celebrating the noble raven, this is an elegant detailed statue displaying the black winged bird poised upon a rocky outcropping, looking backwards over its own shoulder.  6"" x 2"" x 3""",AzureGreen,Metaphysical Supplies,"Statues,Home Decor,Shrine Artifacts,The Way to Resonance",FALSE,Title,Default Title,SR731,907,shopify,0,deny,azuregreen,83.75,,TRUE,TRUE,,https://www.azuregreen.net/images/SR731.jpg,1,"Backward Looking Raven 6""",FALSE,active
sr8026-3-1-4-raven-on-skull-water-globe,"3 1/4"" Raven on Skull water globe","This mesmerizing water globe rains glitter down upon a raven resting on a skull. Surrounded by skulls along the base. Approximately 3 14""",AzureGreen,Metaphysical Supplies,"Gazing Balls & Spheres,Statues,Home Decor,Shrine Artifacts,The Way to Resonance",FALSE,Title,Default Title,SR8026,362,shopify,0,deny,azuregreen,54.29,,TRUE,TRUE,,https://www.azuregreen.net/images/SR8026.jpg,1,"3 1/4"" Raven on Skull water globe",FALSE,active
ss069-9-shiva-nataraja,"9"" Shiva Nataraja","Shiva Nataraja viewed to be responsible for both creation and destruction. A cosmic dancer and one of the highest forms of Shiva. This statue is worshipped in almost all Hindu temples. Approximately 9"" tall and made of painted resin",AzureGreen,Metaphysical Supplies,"Statues,Gods & Goddesses,Buddhist Figurines & Decor,Shrine Artifacts,The Way to Resonance",TRUE,Title,Default Title,SS069,1814,shopify,4,deny,azuregreen,149.49,,TRUE,TRUE,,https://www.azuregreen.net/images/SS069.jpg,1,"9"" Shiva Nataraja",FALSE,active
ss305-satyr-9-1-2,"Satyr 9 1/2""","A highly detailed cold cast resin statue, hand painted in antiqued bronze. Legends of Pan and his flute live on in this wonderful depiction. Pan is the satyr playing flute and is a wonderful nature God originating from the Mediterranean he is celebrated worldwide. 9 1/2"" x 3 1/2"" x 4""",AzureGreen,Metaphysical Supplies,"Statues,Gods & Goddesses,Shrine Artifacts,The Way to Resonance",TRUE,Title,Default Title,SS305,1814,shopify,4,deny,azuregreen,160.82,,TRUE,TRUE,,https://www.azuregreen.net/images/SS305.jpg,1,"Satyr 9 1/2""",FALSE,active
ss3380-8-skull-on-butterfly,"8"" Skull on Butterfly","This exquisite hanging skull in butterfly wall plaque measures 8 inches across and is meticulously crafted from hand-painted cold cast resin. The unique design combines the macabre allure of a skull with the delicate beauty of butterfly motifs, making it a striking addition to any decor. Ideal for collectors and those seeking to add a touch of gothic elegance to their space, this plaque serves as both a captivating art piece and a conversation starter.",AzureGreen,Metaphysical Supplies,"Statues,Home Decor,Wall Hangings,All Wall hangings, Chimes & Tapestries,Shrine Artifacts,The Way to Resonance",TRUE,Title,Default Title,SS3380,952,shopify,3,deny,azuregreen,76.95,,TRUE,TRUE,,https://www.azuregreen.net/images/SS3380.jpg,1,"8"" Skull on Butterfly",FALSE,active
ss457-sekhmet-statue-11,"Sekhmet statue 11""","A proud and fierce depiction of Sekhmet brandishing her two curved swords. Cold Cast Resin, Black & Gold Enamel. 11"" x 6"" x 4 1/4""",AzureGreen,Metaphysical Supplies,"Statues,Shrine Artifacts,The Way to Resonance",TRUE,Title,Default Title,SS457,3175,shopify,3,deny,azuregreen,176.69,,TRUE,TRUE,,https://www.azuregreen.net/images/SS457.jpg,1,"Sekhmet statue 11""",FALSE,active
ss964-7-santa-muerte-red,"7"" Santa Muerte red","7-inch Santa Muerte Cold Cast Resin Statue beautifully captures the essence of this revered spiritual figure. Crafted with intricate detail, Santa Muerte is depicted wearing a vibrant red cape, symbolizing both power and protection. Standing tall, she is accompanied by a wise owl, a symbol of knowledge, intuition, and the connection between the material and spiritual worlds.",AzureGreen,Metaphysical Supplies,"Statues,Home Decor,Shrine Artifacts,The Way to Resonance",FALSE,Title,Default Title,SS964,453,shopify,0,deny,azuregreen,81.49,,TRUE,TRUE,,https://www.azuregreen.net/images/SS964.jpg,1,"7"" Santa Muerte red",FALSE,active
ss978-sekhmet-statue-11-1-2,"Sekhmet statue 11 1/2""","Sekmet in a powerful and ferocious stance in her cat headed form wearing her crown of office. Hand Painted, Cold Cast Resin. 11 1/2"" x 6 1/4"" x 4 1/2""",AzureGreen,Metaphysical Supplies,"Statues,Gods & Goddesses,Shrine Artifacts,The Way to Resonance",FALSE,Title,Default Title,SS978,3175,shopify,0,deny,azuregreen,167.62,,TRUE,TRUE,,https://www.azuregreen.net/images/SS978.jpg,1,"Sekhmet statue 11 1/2""",FALSE,active
st2183-14-triple-moon-iron-plaque,"14"" Triple Moon iron plaque","A larger Triple Moon plaque with a twisted iron pentagram. Lots of great detail throughout this powerful wall piece. Approximately 14"" wide",AzureGreen,Metaphysical Supplies,"Statues,Home Decor,Wall Hangings,Moon Products,Pentagrams & Pentacles,All Wall hangings, Chimes & Tapestries,Shrine Artifacts,The Way to Resonance",FALSE,Title,Default Title,ST2183,997,shopify,0,deny,azuregreen,65.62,,TRUE,TRUE,,https://www.azuregreen.net/images/ST2183.jpg,1,"14"" Triple Moon iron plaque",FALSE,active
st451-thor-bust-14,"Thor bust 14""","Fully capturing this fierce aspect of, this cold cast resin bust presents the head and shoulders of Thor, with a single arm rising up to cross his chest, its hand gripping the fabled hammer Mjolnir.",AzureGreen,Metaphysical Supplies,"Statues,Home Decor,Viking & Celtic Products,Gods & Goddesses,Shrine Artifacts,The Way to Resonance",TRUE,Title,Default Title,ST451,4082,shopify,2,deny,azuregreen,185.75,,TRUE,TRUE,,https://www.azuregreen.net/images/ST451.jpg,1,"Thor bust 14""",FALSE,active
st455-thoth-statue-12,"Thoth Statue 12""","Hand painted in black with gold embellishments this statue of Thoth 12 1/2"" x 5"" x 3""",AzureGreen,Metaphysical Supplies,"Statues,Shrine Artifacts,The Way to Resonance",TRUE,Title,Default Title,ST455,3175,shopify,5,deny,azuregreen,158.55,,TRUE,TRUE,,https://www.azuregreen.net/images/ST455.jpg,1,"Thoth Statue 12""",FALSE,active
st730-triple-goddess-mother-maiden-crone,"Triple Goddess, Mother, Maiden, Crone","A beautiful depiction of the cycle of life and the Triple Goddess on this wall plaque showing the Maid, Mother and Crone, the triple moons, the Tree of Life and various other Celtic knots and imagery. Cold Cast Resin. 14 1/2"" x 11"" x 1 1/2""",AzureGreen,Metaphysical Supplies,"Statues,Home Decor,Wall Hangings,All Wall hangings, Chimes & Tapestries,Gods & Goddesses,Shrine Artifacts,The Way to Resonance",TRUE,Title,Default Title,ST730,2721,shopify,12,deny,azuregreen,178.95,,TRUE,TRUE,,https://www.azuregreen.net/images/ST730.jpg,1,"Triple Goddess, Mother, Maiden, Crone",FALSE,active
st869-12-thor-s-plaque,"12"" Thor's plaque","This grand Thor's hammer is antique white bone color with brown highlights and has deep design relief for quality detail for viewing near or far. Cold cast resin comes with attached metal loop for mounting on wall or door. 11 3/4"" x 11 3/4""",AzureGreen,Metaphysical Supplies,"Statues,Home Decor,Wall Hangings,All Wall hangings, Chimes & Tapestries,Shrine Artifacts,The Way to Resonance",TRUE,Title,Default Title,ST869,2267,shopify,5,deny,azuregreen,124.55,,TRUE,TRUE,,https://www.azuregreen.net/images/ST869.jpg,1,"12"" Thor's plaque",FALSE,active
sw727-wheel-of-the-year-plaque,Wheel of the Year plaque,"This wheel is detailed with nature items: pumpkin, acorns, nest eggs and more. A wonderful plaque to honor life, family, friends, bounty, and to welcome all.  Light earth brown. Hand Painted Resin 11"" x 1"" x 11""",AzureGreen,Metaphysical Supplies,"Statues,Home Decor,Wall Hangings,All Wall hangings, Chimes & Tapestries,Shrine Artifacts,The Way to Resonance",FALSE,Title,Default Title,SW727,1814,shopify,0,deny,azuregreen,142.69,,TRUE,TRUE,,https://www.azuregreen.net/images/SW727.jpg,1,Wheel of the Year plaque,FALSE,active
